<?xml version="1.0" encoding="UTF-8" standalone="yes"?>
<addon id="repository.bstvpro" name="BS-TV-PRO Repository" provider-name="eyMarv" version="1.2">
	<extension point="xbmc.addon.repository" name="BS-TV-PRO Repository">
		<dir>
			<info compressed="false">https://eyMarv.github.io/bs-tv-pro/repo/addons.xml</info>
			<checksum>https://eyMarv.github.io/bs-tv-pro/repo/addons.xml.md5</checksum>
			<datadir zip="true">https://eyMarv.github.io/bs-tv-pro/repo/</datadir>
		</dir>
			<dir minversion="19.0.0" maxversion="19.9.0">
			<info compressed="false">https://raw.github.com/kaffepausse71/SKINBASE19/master/addons.xml</info>
			<checksum>https://raw.github.com/kaffepausse71/SKINBASE19/master/addons.xml.md5</checksum>
			<datadir zip="true">https://raw.github.com/kaffepausse71/SKINBASE19/master/</datadir>
		</dir>
		<dir minversion="20.0.0" maxversion="20.9.0">
			<info compressed="false">https://raw.github.com/kaffepausse71/SKINBASE.NEXUS/master/addons.xml</info>
			<checksum>https://raw.github.com/kaffepausse71/SKINBASE.NEXUS/master/addons.xml.md5</checksum>
			<datadir zip="true">https://raw.github.com/kaffepausse71/SKINBASE.NEXUS/master/</datadir>
		</dir>
		<dir minversion="21.0.0" maxversion="21.9.0">
			<info compressed="false">https://raw.github.com/kaffepausse71/SKINBASE.OMEGA/master/addons.xml</info>
			<checksum>https://raw.github.com/kaffepausse71/SKINBASE.OMEGA/master/addons.xml.md5</checksum>
			<datadir zip="true">https://raw.github.com/kaffepausse71/SKINBASE.OMEGA/master/</datadir>
		</dir>
		<dir minversion="22.0.0" maxversion="22.9.0">
			<info compressed="false">https://raw.github.com/kaffepausse71/SKINBASE.PEGASUS/master/addons.xml</info>
			<checksum>https://raw.github.com/kaffepausse71/SKINBASE.PEGASUS/master/addons.xml.md5</checksum>
			<datadir zip="true">https://raw.github.com/kaffepausse71/SKINBASE.PEGASUS/master/</datadir>
		</dir>
		<dir>
			<info compressed="false">https://raw.githubusercontent.com/Gujal00/smrzips/master/addons.xml</info>
			<checksum>https://raw.githubusercontent.com/Gujal00/smrzips/master/addons.xml.md5</checksum>
			<datadir zip="true">https://raw.githubusercontent.com/Gujal00/smrzips/master/zips/</datadir>
		</dir>
	</extension>
	<extension point="xbmc.addon.metadata">
		<platform>all</platform>
		<description lang="en">Addons by eyMarv</description>
		<website>https://eyMarv.github.io/bs-tv-pro</website>
		<assets>
			<icon>icon.png</icon>
		</assets> 
	</extension>
</addon>