<?xml version="1.0" encoding="UTF-8"?>
<addon id="plugin.video.vavooto" name="VAVOO.TO" version="7.1.6.3" provider-name="kasi, michaz, eyMarv">
	<requires>
		<import addon="script.module.requests"/>
		<import addon="script.module.resolveurl"/>
		<import addon="inputstream.ffmpegdirect" optional="true" /> 
		<import addon="script.module.futures" optional="true" />
		<import addon="script.module.infotagger" optional="true" />
		<!-- only for debug -->
		<import addon="script.module.pydevd" optional="true"/>
	</requires>
	<extension point="xbmc.python.pluginsource" library="main.py">
		<provides>video</provides>
	</extension>
	<extension point="xbmc.python.module" library="resources" />
	<extension point="xbmc.addon.metadata">
		<assets>
			<icon>icon.png</icon>
		</assets>
	</extension>
</addon>
